"source_file","output_file","category","privacy_redacted"
"刷题笔记\日常刷题WP\Crypto.md","01-刷题笔记\日常题单\Crypto.md","01-刷题笔记\日常题单","False"
"刷题笔记\日常刷题WP\Crypto\抱我.md","01-刷题笔记\日常题单\Crypto\抱我.md","01-刷题笔记\日常题单\Crypto","False"
"刷题笔记\日常刷题WP\Crypto\给你d又怎样.md","01-刷题笔记\日常题单\Crypto\给你d又怎样.md","01-刷题笔记\日常题单\Crypto","False"
"刷题笔记\日常刷题WP\Crypto\混合密码体系.md","01-刷题笔记\日常题单\Crypto\混合密码体系.md","01-刷题笔记\日常题单\Crypto","False"
"刷题笔记\日常刷题WP\Crypto\简单的LFSR.md","01-刷题笔记\日常题单\Crypto\简单的LFSR.md","01-刷题笔记\日常题单\Crypto","False"
"刷题笔记\日常刷题WP\Crypto\简单密码.md","01-刷题笔记\日常题单\Crypto\简单密码.md","01-刷题笔记\日常题单\Crypto","False"
"刷题笔记\日常刷题WP\Crypto\进制转换.md","01-刷题笔记\日常题单\Crypto\进制转换.md","01-刷题笔记\日常题单\Crypto","False"
"刷题笔记\日常刷题WP\Crypto\凯撒大帝的征讨之路.md","01-刷题笔记\日常题单\Crypto\凯撒大帝的征讨之路.md","01-刷题笔记\日常题单\Crypto","False"
"刷题笔记\日常刷题WP\Crypto\羊城杯 2021Bigrsa.md","01-刷题笔记\日常题单\Crypto\羊城杯 2021Bigrsa.md","01-刷题笔记\日常题单\Crypto","False"
"刷题笔记\日常刷题WP\Crypto\一段简单加密.md","01-刷题笔记\日常题单\Crypto\一段简单加密.md","01-刷题笔记\日常题单\Crypto","False"
"刷题笔记\日常刷题WP\Crypto\一段base64（多层套娃）.md","01-刷题笔记\日常题单\Crypto\一段base64（多层套娃）.md","01-刷题笔记\日常题单\Crypto","False"
"刷题笔记\日常刷题WP\Crypto\月月的爱情故事.md","01-刷题笔记\日常题单\Crypto\月月的爱情故事.md","01-刷题笔记\日常题单\Crypto","False"
"刷题笔记\日常刷题WP\Crypto\BASe64变形.md","01-刷题笔记\日常题单\Crypto\BASe64变形.md","01-刷题笔记\日常题单\Crypto","False"
"刷题笔记\日常刷题WP\Crypto\base家族套娃.md","01-刷题笔记\日常题单\Crypto\base家族套娃.md","01-刷题笔记\日常题单\Crypto","False"
"刷题笔记\日常刷题WP\Crypto\Cat_thery.md","01-刷题笔记\日常题单\Crypto\Cat_thery.md","01-刷题笔记\日常题单\Crypto","False"
"刷题笔记\日常刷题WP\Crypto\ez_rsasasa.md","01-刷题笔记\日常题单\Crypto\ez_rsasasa.md","01-刷题笔记\日常题单\Crypto","False"
"刷题笔记\日常刷题WP\Crypto\ezxor.md","01-刷题笔记\日常题单\Crypto\ezxor.md","01-刷题笔记\日常题单\Crypto","False"
"刷题笔记\日常刷题WP\Crypto\factor.md","01-刷题笔记\日常题单\Crypto\factor.md","01-刷题笔记\日常题单\Crypto","False"
"刷题笔记\日常刷题WP\Crypto\g4的密码小课堂.md","01-刷题笔记\日常题单\Crypto\g4的密码小课堂.md","01-刷题笔记\日常题单\Crypto","False"
"刷题笔记\日常刷题WP\Crypto\GKCTF 2021 XOR.md","01-刷题笔记\日常题单\Crypto\GKCTF 2021 XOR.md","01-刷题笔记\日常题单\Crypto","False"
"刷题笔记\日常刷题WP\Crypto\LitCTF 2023你是我的关键词(Keyworld).md","01-刷题笔记\日常题单\Crypto\LitCTF 2023你是我的关键词(Keyworld).md","01-刷题笔记\日常题单\Crypto","False"
"刷题笔记\日常刷题WP\Crypto\math_rsa.md","01-刷题笔记\日常题单\Crypto\math_rsa.md","01-刷题笔记\日常题单\Crypto","False"
"刷题笔记\日常刷题WP\Crypto\NSSCTF 2022 Spring Recruit factor.md","01-刷题笔记\日常题单\Crypto\NSSCTF 2022 Spring Recruit factor.md","01-刷题笔记\日常题单\Crypto","False"
"刷题笔记\日常刷题WP\Crypto\SWPU 2020 happy.md","01-刷题笔记\日常题单\Crypto\SWPU 2020 happy.md","01-刷题笔记\日常题单\Crypto","False"
"刷题笔记\日常刷题WP\Crypto\SWPUCTF 2021 新生赛 crypto5.md","01-刷题笔记\日常题单\Crypto\SWPUCTF 2021 新生赛 crypto5.md","01-刷题笔记\日常题单\Crypto","False"
"刷题笔记\日常刷题WP\Crypto\SWPUCTF 2021 新生赛 crypto6.md","01-刷题笔记\日常题单\Crypto\SWPUCTF 2021 新生赛 crypto6.md","01-刷题笔记\日常题单\Crypto","False"
"刷题笔记\日常刷题WP\Crypto\RSA题单\P1.md","01-刷题笔记\日常题单\Crypto\RSA题单\P1.md","01-刷题笔记\日常题单\Crypto\RSA题单","False"
"刷题笔记\日常刷题WP\Crypto\RSA题单\P2.md","01-刷题笔记\日常题单\Crypto\RSA题单\P2.md","01-刷题笔记\日常题单\Crypto\RSA题单","False"
"刷题笔记\日常刷题WP\Crypto\RSA题单\P3.md","01-刷题笔记\日常题单\Crypto\RSA题单\P3.md","01-刷题笔记\日常题单\Crypto\RSA题单","False"
"刷题笔记\日常刷题WP\Crypto\RSA题单\P4.md","01-刷题笔记\日常题单\Crypto\RSA题单\P4.md","01-刷题笔记\日常题单\Crypto\RSA题单","False"
"刷题笔记\日常刷题WP\Crypto\RSA题单\P5.md","01-刷题笔记\日常题单\Crypto\RSA题单\P5.md","01-刷题笔记\日常题单\Crypto\RSA题单","False"
"刷题笔记\日常刷题WP\Crypto\RSA题单\0.目录\0.目录.md","01-刷题笔记\日常题单\Crypto\RSA题单\0.目录\0.目录.md","01-刷题笔记\日常题单\Crypto\RSA题单\0.目录","False"
"刷题笔记\日常刷题WP\Crypto\RSA题单\1.RSA（一）\P0：目录.md","01-刷题笔记\日常题单\Crypto\RSA题单\1.RSA（一）\P0：目录.md","01-刷题笔记\日常题单\Crypto\RSA题单\1.RSA（一）","False"
"刷题笔记\日常刷题WP\Crypto\RSA题单\1.RSA（一）\P1：已知pq.md","01-刷题笔记\日常题单\Crypto\RSA题单\1.RSA（一）\P1：已知pq.md","01-刷题笔记\日常题单\Crypto\RSA题单\1.RSA（一）","False"
"刷题笔记\日常刷题WP\Crypto\RSA题单\1.RSA（一）\P2：对n进行攻击.md","01-刷题笔记\日常题单\Crypto\RSA题单\1.RSA（一）\P2：对n进行攻击.md","01-刷题笔记\日常题单\Crypto\RSA题单\1.RSA（一）","False"
"刷题笔记\日常刷题WP\Crypto\RSA题单\1.RSA（一）\P3：yafu.md","01-刷题笔记\日常题单\Crypto\RSA题单\1.RSA（一）\P3：yafu.md","01-刷题笔记\日常题单\Crypto\RSA题单\1.RSA（一）","False"
"刷题笔记\日常刷题WP\Crypto\RSA题单\1.RSA（一）\P4（相邻素数）.md","01-刷题笔记\日常题单\Crypto\RSA题单\1.RSA（一）\P4（相邻素数）.md","01-刷题笔记\日常题单\Crypto\RSA题单\1.RSA（一）","False"
"刷题笔记\日常刷题WP\Crypto\RSA题单\1.RSA（一）\P5：费马分解.md","01-刷题笔记\日常题单\Crypto\RSA题单\1.RSA（一）\P5：费马分解.md","01-刷题笔记\日常题单\Crypto\RSA题单\1.RSA（一）","False"
"刷题笔记\日常刷题WP\Crypto\RSA题单\2.RSA（二）\0.RSA（二）目录.md","01-刷题笔记\日常题单\Crypto\RSA题单\2.RSA（二）\0.RSA（二）目录.md","01-刷题笔记\日常题单\Crypto\RSA题单\2.RSA（二）","False"
"刷题笔记\日常刷题WP\Crypto\RSA题单\2.RSA（二）\1.小明文攻击.md","01-刷题笔记\日常题单\Crypto\RSA题单\2.RSA（二）\1.小明文攻击.md","01-刷题笔记\日常题单\Crypto\RSA题单\2.RSA（二）","False"
"刷题笔记\日常刷题WP\Crypto\RSA题单\2.RSA（二）\2.低加密指数攻击.md","01-刷题笔记\日常题单\Crypto\RSA题单\2.RSA（二）\2.低加密指数攻击.md","01-刷题笔记\日常题单\Crypto\RSA题单\2.RSA（二）","False"
"刷题笔记\日常刷题WP\Crypto\RSA题单\2.RSA（二）\3.Rabin算法攻击.md","01-刷题笔记\日常题单\Crypto\RSA题单\2.RSA（二）\3.Rabin算法攻击.md","01-刷题笔记\日常题单\Crypto\RSA题单\2.RSA（二）","False"
"刷题笔记\日常刷题WP\Crypto\RSA题单\2.RSA（二）\4.Wiener攻击.md","01-刷题笔记\日常题单\Crypto\RSA题单\2.RSA（二）\4.Wiener攻击.md","01-刷题笔记\日常题单\Crypto\RSA题单\2.RSA（二）","False"
"刷题笔记\日常刷题WP\Crypto\RSA题单\2.RSA（二）\5.低加密指数广播攻击.md","01-刷题笔记\日常题单\Crypto\RSA题单\2.RSA（二）\5.低加密指数广播攻击.md","01-刷题笔记\日常题单\Crypto\RSA题单\2.RSA（二）","False"
"刷题笔记\日常刷题WP\Crypto\RSA题单\3.RSA（三）\P0.RSA（三）目录.md","01-刷题笔记\日常题单\Crypto\RSA题单\3.RSA（三）\P0.RSA（三）目录.md","01-刷题笔记\日常题单\Crypto\RSA题单\3.RSA（三）","False"
"刷题笔记\日常刷题WP\Crypto\RSA题单\4.RSA（四）\P0.RSA（四）目录.md","01-刷题笔记\日常题单\Crypto\RSA题单\4.RSA（四）\P0.RSA（四）目录.md","01-刷题笔记\日常题单\Crypto\RSA题单\4.RSA（四）","False"
"刷题笔记\日常刷题WP\Misc\谜之栅栏.md","01-刷题笔记\日常题单\Misc\谜之栅栏.md","01-刷题笔记\日常题单\Misc","False"
"刷题笔记\日常刷题WP\Misc\损坏的压缩包.md","01-刷题笔记\日常题单\Misc\损坏的压缩包.md","01-刷题笔记\日常题单\Misc","False"
"刷题笔记\日常刷题WP\Misc\杂项签到.md","01-刷题笔记\日常题单\Misc\杂项签到.md","01-刷题笔记\日常题单\Misc","False"
"刷题笔记\日常刷题WP\PWN\栈溢出.md","01-刷题笔记\日常题单\PWN\栈溢出.md","01-刷题笔记\日常题单\PWN","False"
"刷题笔记\日常刷题WP\PWN\repeater.md","01-刷题笔记\日常题单\PWN\repeater.md","01-刷题笔记\日常题单\PWN","False"
"刷题笔记\日常刷题WP\PWN\工具指南\CTF-Pwn入门基础工具——Checksec.md","01-刷题笔记\日常题单\PWN\工具指南\CTF-Pwn入门基础工具——Checksec.md","01-刷题笔记\日常题单\PWN\工具指南","False"
"刷题笔记\日常刷题WP\PWN\栈溢出\pwnstrack.md","01-刷题笔记\日常题单\PWN\栈溢出\pwnstrack.md","01-刷题笔记\日常题单\PWN\栈溢出","False"
"刷题笔记\日常刷题WP\PWN\栈溢出\repeater.md","01-刷题笔记\日常题单\PWN\栈溢出\repeater.md","01-刷题笔记\日常题单\PWN\栈溢出","False"
"刷题笔记\日常刷题WP\Reverse\简单的逻辑.md","01-刷题笔记\日常题单\Reverse\简单的逻辑.md","01-刷题笔记\日常题单\Reverse","False"
"刷题笔记\日常刷题WP\Reverse\探索进制的奥秘.md","01-刷题笔记\日常题单\Reverse\探索进制的奥秘.md","01-刷题笔记\日常题单\Reverse","False"
"刷题笔记\日常刷题WP\Reverse\一个西瓜切两半你一半我一半.md","01-刷题笔记\日常题单\Reverse\一个西瓜切两半你一半我一半.md","01-刷题笔记\日常题单\Reverse","False"
"刷题笔记\日常刷题WP\Reverse\easy_re.md","01-刷题笔记\日常题单\Reverse\easy_re.md","01-刷题笔记\日常题单\Reverse","False"
"刷题笔记\日常刷题WP\Reverse\Re2.md","01-刷题笔记\日常题单\Reverse\Re2.md","01-刷题笔记\日常题单\Reverse","False"
"刷题笔记\日常刷题WP\Reverse\Reverse Java 逆向解密.md","01-刷题笔记\日常题单\Reverse\Reverse Java 逆向解密.md","01-刷题笔记\日常题单\Reverse","False"
"刷题笔记\日常刷题WP\电子取证\第二届盘古石杯决赛 WP.md","01-刷题笔记\日常题单\电子取证\第二届盘古石杯决赛 WP.md","01-刷题笔记\日常题单\电子取证","False"
"刷题笔记\日常刷题WP\电子取证\第一届盘古石杯.md","01-刷题笔记\日常题单\电子取证\第一届盘古石杯.md","01-刷题笔记\日常题单\电子取证","False"
"刷题笔记\比赛WP\技能兴鲁.md","01-刷题笔记\比赛WP\技能兴鲁.md","01-刷题笔记\比赛WP","False"
"刷题笔记\比赛WP\金砖.md","01-刷题笔记\比赛WP\金砖.md","01-刷题笔记\比赛WP","False"
"刷题笔记\比赛WP\蓝桥杯wp.md","01-刷题笔记\比赛WP\蓝桥杯wp.md","01-刷题笔记\比赛WP","False"
"刷题笔记\比赛WP\铸网决赛.md","01-刷题笔记\比赛WP\铸网决赛.md","01-刷题笔记\比赛WP","False"
"刷题笔记\比赛WP\ISCC.md","01-刷题笔记\比赛WP\ISCC.md","01-刷题笔记\比赛WP","False"
"刷题笔记\比赛WP\2024技能兴鲁\Crypto\这个n是什么.md","01-刷题笔记\比赛WP\2024技能兴鲁\Crypto\这个n是什么.md","01-刷题笔记\比赛WP\2024技能兴鲁\Crypto","False"
"刷题笔记\比赛WP\2024技能兴鲁\Crypto\BruteCC.md","01-刷题笔记\比赛WP\2024技能兴鲁\Crypto\BruteCC.md","01-刷题笔记\比赛WP\2024技能兴鲁\Crypto","False"
"刷题笔记\比赛WP\2024技能兴鲁\Crypto\e咋这么大.md","01-刷题笔记\比赛WP\2024技能兴鲁\Crypto\e咋这么大.md","01-刷题笔记\比赛WP\2024技能兴鲁\Crypto","False"
"刷题笔记\比赛WP\2024技能兴鲁\Crypto\ez_rsa.md","01-刷题笔记\比赛WP\2024技能兴鲁\Crypto\ez_rsa.md","01-刷题笔记\比赛WP\2024技能兴鲁\Crypto","False"
"刷题笔记\比赛WP\2024技能兴鲁\Crypto\ez_rsa2.md","01-刷题笔记\比赛WP\2024技能兴鲁\Crypto\ez_rsa2.md","01-刷题笔记\比赛WP\2024技能兴鲁\Crypto","False"
"刷题笔记\比赛WP\2024技能兴鲁\Crypto\ez_xor.md","01-刷题笔记\比赛WP\2024技能兴鲁\Crypto\ez_xor.md","01-刷题笔记\比赛WP\2024技能兴鲁\Crypto","False"
"刷题笔记\比赛WP\2025 SWPU-NSSCTF 秋季招新入门训练赛\Crypto\家人们！谁懂啊，RSA签到都不会 (初级).md","01-刷题笔记\比赛WP\2025 SWPU-NSSCTF 秋季招新入门训练赛\Crypto\家人们！谁懂啊，RSA签到都不会 (初级).md","01-刷题笔记\比赛WP\2025 SWPU-NSSCTF 秋季招新入门训练赛\Crypto","False"
"刷题笔记\比赛WP\2025 SWPU-NSSCTF 秋季招新入门训练赛\Crypto\拟态签到题.md","01-刷题笔记\比赛WP\2025 SWPU-NSSCTF 秋季招新入门训练赛\Crypto\拟态签到题.md","01-刷题笔记\比赛WP\2025 SWPU-NSSCTF 秋季招新入门训练赛\Crypto","False"
"刷题笔记\比赛WP\2025 SWPU-NSSCTF 秋季招新入门训练赛\Crypto\base__.md","01-刷题笔记\比赛WP\2025 SWPU-NSSCTF 秋季招新入门训练赛\Crypto\base__.md","01-刷题笔记\比赛WP\2025 SWPU-NSSCTF 秋季招新入门训练赛\Crypto","False"
"刷题笔记\比赛WP\2025 SWPU-NSSCTF 秋季招新入门训练赛\Crypto\bigrsa.md","01-刷题笔记\比赛WP\2025 SWPU-NSSCTF 秋季招新入门训练赛\Crypto\bigrsa.md","01-刷题笔记\比赛WP\2025 SWPU-NSSCTF 秋季招新入门训练赛\Crypto","False"
"刷题笔记\比赛WP\2025 SWPU-NSSCTF 秋季招新入门训练赛\Crypto\childRSA.md","01-刷题笔记\比赛WP\2025 SWPU-NSSCTF 秋季招新入门训练赛\Crypto\childRSA.md","01-刷题笔记\比赛WP\2025 SWPU-NSSCTF 秋季招新入门训练赛\Crypto","False"
"刷题笔记\比赛WP\2025 SWPU-NSSCTF 秋季招新入门训练赛\Crypto\Crazy_Rsa_Tech.md","01-刷题笔记\比赛WP\2025 SWPU-NSSCTF 秋季招新入门训练赛\Crypto\Crazy_Rsa_Tech.md","01-刷题笔记\比赛WP\2025 SWPU-NSSCTF 秋季招新入门训练赛\Crypto","False"
"刷题笔记\比赛WP\2025 SWPU-NSSCTF 秋季招新入门训练赛\Crypto\crypto1.md","01-刷题笔记\比赛WP\2025 SWPU-NSSCTF 秋季招新入门训练赛\Crypto\crypto1.md","01-刷题笔记\比赛WP\2025 SWPU-NSSCTF 秋季招新入门训练赛\Crypto","False"
"刷题笔记\比赛WP\2025 SWPU-NSSCTF 秋季招新入门训练赛\Crypto\crypto2.md","01-刷题笔记\比赛WP\2025 SWPU-NSSCTF 秋季招新入门训练赛\Crypto\crypto2.md","01-刷题笔记\比赛WP\2025 SWPU-NSSCTF 秋季招新入门训练赛\Crypto","False"
"刷题笔记\比赛WP\2025 SWPU-NSSCTF 秋季招新入门训练赛\Crypto\crypto4.md","01-刷题笔记\比赛WP\2025 SWPU-NSSCTF 秋季招新入门训练赛\Crypto\crypto4.md","01-刷题笔记\比赛WP\2025 SWPU-NSSCTF 秋季招新入门训练赛\Crypto","False"
"刷题笔记\比赛WP\2025 SWPU-NSSCTF 秋季招新入门训练赛\Crypto\crypto6.md","01-刷题笔记\比赛WP\2025 SWPU-NSSCTF 秋季招新入门训练赛\Crypto\crypto6.md","01-刷题笔记\比赛WP\2025 SWPU-NSSCTF 秋季招新入门训练赛\Crypto","False"
"刷题笔记\比赛WP\2025 SWPU-NSSCTF 秋季招新入门训练赛\Crypto\crypto7.md","01-刷题笔记\比赛WP\2025 SWPU-NSSCTF 秋季招新入门训练赛\Crypto\crypto7.md","01-刷题笔记\比赛WP\2025 SWPU-NSSCTF 秋季招新入门训练赛\Crypto","False"
"刷题笔记\比赛WP\2025 SWPU-NSSCTF 秋季招新入门训练赛\Crypto\e的学问.md","01-刷题笔记\比赛WP\2025 SWPU-NSSCTF 秋季招新入门训练赛\Crypto\e的学问.md","01-刷题笔记\比赛WP\2025 SWPU-NSSCTF 秋季招新入门训练赛\Crypto","False"
"刷题笔记\比赛WP\2025 SWPU-NSSCTF 秋季招新入门训练赛\Crypto\factordb (中级).md","01-刷题笔记\比赛WP\2025 SWPU-NSSCTF 秋季招新入门训练赛\Crypto\factordb (中级).md","01-刷题笔记\比赛WP\2025 SWPU-NSSCTF 秋季招新入门训练赛\Crypto","False"
"刷题笔记\比赛WP\2025 SWPU-NSSCTF 秋季招新入门训练赛\Crypto\happy.md","01-刷题笔记\比赛WP\2025 SWPU-NSSCTF 秋季招新入门训练赛\Crypto\happy.md","01-刷题笔记\比赛WP\2025 SWPU-NSSCTF 秋季招新入门训练赛\Crypto","False"
"刷题笔记\比赛WP\2025 SWPU-NSSCTF 秋季招新入门训练赛\Crypto\Is this only base.md","01-刷题笔记\比赛WP\2025 SWPU-NSSCTF 秋季招新入门训练赛\Crypto\Is this only base.md","01-刷题笔记\比赛WP\2025 SWPU-NSSCTF 秋季招新入门训练赛\Crypto","False"
"刷题笔记\比赛WP\2025 SWPU-NSSCTF 秋季招新入门训练赛\Crypto\md5的破解.md","01-刷题笔记\比赛WP\2025 SWPU-NSSCTF 秋季招新入门训练赛\Crypto\md5的破解.md","01-刷题笔记\比赛WP\2025 SWPU-NSSCTF 秋季招新入门训练赛\Crypto","False"
"刷题笔记\比赛WP\2025 SWPU-NSSCTF 秋季招新入门训练赛\Crypto\Vigenère.md","01-刷题笔记\比赛WP\2025 SWPU-NSSCTF 秋季招新入门训练赛\Crypto\Vigenère.md","01-刷题笔记\比赛WP\2025 SWPU-NSSCTF 秋季招新入门训练赛\Crypto","False"
"刷题笔记\比赛WP\2025 SWPU-NSSCTF 秋季招新入门训练赛\Crypto\yafu (中级).md","01-刷题笔记\比赛WP\2025 SWPU-NSSCTF 秋季招新入门训练赛\Crypto\yafu (中级).md","01-刷题笔记\比赛WP\2025 SWPU-NSSCTF 秋季招新入门训练赛\Crypto","False"
"刷题笔记\比赛WP\2025 SWPU-NSSCTF 秋季招新入门训练赛\RE\NSSCTF2025入门题目-Base64.md","01-刷题笔记\比赛WP\2025 SWPU-NSSCTF 秋季招新入门训练赛\RE\NSSCTF2025入门题目-Base64.md","01-刷题笔记\比赛WP\2025 SWPU-NSSCTF 秋季招新入门训练赛\RE","False"
"刷题笔记\比赛WP\2025 SWPU-NSSCTF 秋季招新入门训练赛\RE\NSSCTF2025入门题目-Debug.md","01-刷题笔记\比赛WP\2025 SWPU-NSSCTF 秋季招新入门训练赛\RE\NSSCTF2025入门题目-Debug.md","01-刷题笔记\比赛WP\2025 SWPU-NSSCTF 秋季招新入门训练赛\RE","False"
"刷题笔记\比赛WP\2025 SWPU-NSSCTF 秋季招新入门训练赛\RE\NSSCTF2025入门题目-Maze.md","01-刷题笔记\比赛WP\2025 SWPU-NSSCTF 秋季招新入门训练赛\RE\NSSCTF2025入门题目-Maze.md","01-刷题笔记\比赛WP\2025 SWPU-NSSCTF 秋季招新入门训练赛\RE","False"
"刷题笔记\比赛WP\2025 SWPU-NSSCTF 秋季招新入门训练赛\RE\NSSCTF2025入门题目-pyc.md","01-刷题笔记\比赛WP\2025 SWPU-NSSCTF 秋季招新入门训练赛\RE\NSSCTF2025入门题目-pyc.md","01-刷题笔记\比赛WP\2025 SWPU-NSSCTF 秋季招新入门训练赛\RE","False"
"刷题笔记\比赛WP\2025 SWPU-NSSCTF 秋季招新入门训练赛\RE\NSSCTF2025入门题目-Unity.md","01-刷题笔记\比赛WP\2025 SWPU-NSSCTF 秋季招新入门训练赛\RE\NSSCTF2025入门题目-Unity.md","01-刷题笔记\比赛WP\2025 SWPU-NSSCTF 秋季招新入门训练赛\RE","False"
"刷题笔记\比赛WP\2025 SWPU-NSSCTF 秋季招新入门训练赛\RE\NSSCTF2025入门题目-Xor.md","01-刷题笔记\比赛WP\2025 SWPU-NSSCTF 秋季招新入门训练赛\RE\NSSCTF2025入门题目-Xor.md","01-刷题笔记\比赛WP\2025 SWPU-NSSCTF 秋季招新入门训练赛\RE","False"
"刷题笔记\比赛WP\2025 SWPU-NSSCTF 秋季招新入门训练赛\安卓\NSSCTF2025入门题目-凯撒加密.md","01-刷题笔记\比赛WP\2025 SWPU-NSSCTF 秋季招新入门训练赛\安卓\NSSCTF2025入门题目-凯撒加密.md","01-刷题笔记\比赛WP\2025 SWPU-NSSCTF 秋季招新入门训练赛\安卓","False"
"刷题笔记\比赛WP\2025 SWPU-NSSCTF 秋季招新入门训练赛\安卓\NSSCTF2025入门题目-APK基础理解.md","01-刷题笔记\比赛WP\2025 SWPU-NSSCTF 秋季招新入门训练赛\安卓\NSSCTF2025入门题目-APK基础理解.md","01-刷题笔记\比赛WP\2025 SWPU-NSSCTF 秋季招新入门训练赛\安卓","False"
"刷题笔记\比赛WP\2025 SWPU-NSSCTF 秋季招新入门训练赛\安卓\NSSCTF2025入门题目-frida.md","01-刷题笔记\比赛WP\2025 SWPU-NSSCTF 秋季招新入门训练赛\安卓\NSSCTF2025入门题目-frida.md","01-刷题笔记\比赛WP\2025 SWPU-NSSCTF 秋季招新入门训练赛\安卓","False"
"刷题笔记\比赛WP\2025 SWPU-NSSCTF 秋季招新入门训练赛\安卓\NSSCTF2025入门题目-So层加密.md","01-刷题笔记\比赛WP\2025 SWPU-NSSCTF 秋季招新入门训练赛\安卓\NSSCTF2025入门题目-So层加密.md","01-刷题笔记\比赛WP\2025 SWPU-NSSCTF 秋季招新入门训练赛\安卓","False"
"刷题笔记\比赛WP\2025 SWPU-NSSCTF 秋季招新入门训练赛\安卓\NSSCTF2025入门题目-so与java的交互.md","01-刷题笔记\比赛WP\2025 SWPU-NSSCTF 秋季招新入门训练赛\安卓\NSSCTF2025入门题目-so与java的交互.md","01-刷题笔记\比赛WP\2025 SWPU-NSSCTF 秋季招新入门训练赛\安卓","False"
"刷题笔记\比赛WP\ISCC\总决赛\安卓-叽米是梦的开场白.md","01-刷题笔记\比赛WP\ISCC\总决赛\安卓-叽米是梦的开场白.md","01-刷题笔记\比赛WP\ISCC\总决赛","True"
"刷题笔记\比赛WP\ISCC\总决赛\安卓-GGAD.md","01-刷题笔记\比赛WP\ISCC\总决赛\安卓-GGAD.md","01-刷题笔记\比赛WP\ISCC\总决赛","True"
"刷题笔记\比赛WP\ISCC\第二阶段\邦布出击.md","01-刷题笔记\比赛WP\ISCC\第二阶段\邦布出击.md","01-刷题笔记\比赛WP\ISCC\第二阶段","True"
"刷题笔记\比赛WP\ISCC\第二阶段\有趣的小游戏.md","01-刷题笔记\比赛WP\ISCC\第二阶段\有趣的小游戏.md","01-刷题笔记\比赛WP\ISCC\第二阶段","True"
"刷题笔记\比赛WP\ISCC\第二阶段\Detective.md","01-刷题笔记\比赛WP\ISCC\第二阶段\Detective.md","01-刷题笔记\比赛WP\ISCC\第二阶段","True"
"刷题笔记\比赛WP\ISCC\第二阶段\faze.md","01-刷题笔记\比赛WP\ISCC\第二阶段\faze.md","01-刷题笔记\比赛WP\ISCC\第二阶段","True"
"刷题笔记\比赛WP\ISCC\第二阶段\Fufu.md","01-刷题笔记\比赛WP\ISCC\第二阶段\Fufu.md","01-刷题笔记\比赛WP\ISCC\第二阶段","True"
"刷题笔记\比赛WP\ISCC\第二阶段\genius.md","01-刷题笔记\比赛WP\ISCC\第二阶段\genius.md","01-刷题笔记\比赛WP\ISCC\第二阶段","True"
"刷题笔记\比赛WP\ISCC\第二阶段\greeting.md","01-刷题笔记\比赛WP\ISCC\第二阶段\greeting.md","01-刷题笔记\比赛WP\ISCC\第二阶段","True"
"刷题笔记\比赛WP\ISCC\第二阶段\HolyGrail.md","01-刷题笔记\比赛WP\ISCC\第二阶段\HolyGrail.md","01-刷题笔记\比赛WP\ISCC\第二阶段","True"
"刷题笔记\比赛WP\ISCC\第二阶段\mutsumi.md","01-刷题笔记\比赛WP\ISCC\第二阶段\mutsumi.md","01-刷题笔记\比赛WP\ISCC\第二阶段","True"
"刷题笔记\比赛WP\ISCC\第二阶段\program.md","01-刷题笔记\比赛WP\ISCC\第二阶段\program.md","01-刷题笔记\比赛WP\ISCC\第二阶段","True"
"刷题笔记\比赛WP\ISCC\第二阶段\SecretGrid.md","01-刷题笔记\比赛WP\ISCC\第二阶段\SecretGrid.md","01-刷题笔记\比赛WP\ISCC\第二阶段","True"
"刷题笔记\比赛WP\moe2025\Crypto\入门.md","01-刷题笔记\比赛WP\moe2025\Crypto\入门.md","01-刷题笔记\比赛WP\moe2025\Crypto","False"
"刷题笔记\比赛WP\山东信院CTF\CRYPTO\好像指数有点低.md","01-刷题笔记\比赛WP\山东信院CTF\CRYPTO\好像指数有点低.md","01-刷题笔记\比赛WP\山东信院CTF\CRYPTO","False"
"刷题笔记\比赛WP\山东信院CTF\CRYPTO\又是RSA.md","01-刷题笔记\比赛WP\山东信院CTF\CRYPTO\又是RSA.md","01-刷题笔记\比赛WP\山东信院CTF\CRYPTO","False"
"刷题笔记\比赛WP\山东信院CTF\CRYPTO\RSA.md","01-刷题笔记\比赛WP\山东信院CTF\CRYPTO\RSA.md","01-刷题笔记\比赛WP\山东信院CTF\CRYPTO","False"
"刷题笔记\比赛WP\山东信院CTF\CRYPTO\SM.md","01-刷题笔记\比赛WP\山东信院CTF\CRYPTO\SM.md","01-刷题笔记\比赛WP\山东信院CTF\CRYPTO","False"
"刷题笔记\比赛WP\山东信院CTF\CRYPTO\Winner.md","01-刷题笔记\比赛WP\山东信院CTF\CRYPTO\Winner.md","01-刷题笔记\比赛WP\山东信院CTF\CRYPTO","False"
"刷题笔记\比赛WP\山东网络安全大赛\Crypto\ezRSA.md","01-刷题笔记\比赛WP\山东网络安全大赛\Crypto\ezRSA.md","01-刷题笔记\比赛WP\山东网络安全大赛\Crypto","False"
"刷题笔记\比赛WP\山河CTF\第一周\Crypto\baby_mod.md","01-刷题笔记\比赛WP\山河CTF\第一周\Crypto\baby_mod.md","01-刷题笔记\比赛WP\山河CTF\第一周\Crypto","False"
"刷题笔记\比赛WP\山河CTF\第一周\Crypto\d_know.md","01-刷题笔记\比赛WP\山河CTF\第一周\Crypto\d_know.md","01-刷题笔记\比赛WP\山河CTF\第一周\Crypto","False"
"刷题笔记\比赛WP\山河CTF\第一周\Crypto\EzAES.md","01-刷题笔记\比赛WP\山河CTF\第一周\Crypto\EzAES.md","01-刷题笔记\比赛WP\山河CTF\第一周\Crypto","False"
"刷题笔记\比赛WP\山河CTF\第一周\Crypto\factor.md","01-刷题笔记\比赛WP\山河CTF\第一周\Crypto\factor.md","01-刷题笔记\比赛WP\山河CTF\第一周\Crypto","False"
"刷题笔记\比赛WP\山河CTF\第一周\Crypto\Hello Crypto.md","01-刷题笔记\比赛WP\山河CTF\第一周\Crypto\Hello Crypto.md","01-刷题笔记\比赛WP\山河CTF\第一周\Crypto","False"
"刷题笔记\比赛WP\山河CTF\第二周\魔鬼的步伐.md","01-刷题笔记\比赛WP\山河CTF\第二周\魔鬼的步伐.md","01-刷题笔记\比赛WP\山河CTF\第二周","False"
"刷题笔记\比赛WP\山河CTF\第二周\E&R.md","01-刷题笔记\比赛WP\山河CTF\第二周\E&R.md","01-刷题笔记\比赛WP\山河CTF\第二周","False"
"刷题笔记\比赛WP\山河CTF\第二周\ezECC.md","01-刷题笔记\比赛WP\山河CTF\第二周\ezECC.md","01-刷题笔记\比赛WP\山河CTF\第二周","False"
"刷题笔记\比赛WP\山河CTF\第二周\pading（填充）.md","01-刷题笔记\比赛WP\山河CTF\第二周\pading（填充）.md","01-刷题笔记\比赛WP\山河CTF\第二周","False"
"刷题笔记\比赛WP\山河CTF\第二周\worde很大.md","01-刷题笔记\比赛WP\山河CTF\第二周\worde很大.md","01-刷题笔记\比赛WP\山河CTF\第二周","False"
"刷题笔记\比赛WP\西电新生赛\baby_eqution.md","01-刷题笔记\比赛WP\西电新生赛\baby_eqution.md","01-刷题笔记\比赛WP\西电新生赛","False"
"刷题笔记\比赛WP\西电新生赛\Crypto_in_CTFRu_Men_Zhi_Bei_.md","01-刷题笔记\比赛WP\西电新生赛\Crypto_in_CTFRu_Men_Zhi_Bei_.md","01-刷题笔记\比赛WP\西电新生赛","False"
"刷题笔记\比赛WP\西电新生赛\ezhash.md","01-刷题笔记\比赛WP\西电新生赛\ezhash.md","01-刷题笔记\比赛WP\西电新生赛","False"
"刷题笔记\比赛WP\西电新生赛\ezlengrede.md","01-刷题笔记\比赛WP\西电新生赛\ezlengrede.md","01-刷题笔记\比赛WP\西电新生赛","False"
"刷题笔记\比赛WP\西电新生赛\new_system.md","01-刷题笔记\比赛WP\西电新生赛\new_system.md","01-刷题笔记\比赛WP\西电新生赛","False"
"刷题笔记\比赛WP\西电新生赛\rsa_revenge.md","01-刷题笔记\比赛WP\西电新生赛\rsa_revenge.md","01-刷题笔记\比赛WP\西电新生赛","False"
"刷题笔记\比赛WP\西电新生赛\Signin.md","01-刷题笔记\比赛WP\西电新生赛\Signin.md","01-刷题笔记\比赛WP\西电新生赛","False"
"刷题笔记\比赛WP\西电新生赛\small and big.md","01-刷题笔记\比赛WP\西电新生赛\small and big.md","01-刷题笔记\比赛WP\西电新生赛","False"
"刷题笔记\比赛WP\鹏云杯\Crypto\滑滑果实.md","01-刷题笔记\比赛WP\鹏云杯\Crypto\滑滑果实.md","01-刷题笔记\比赛WP\鹏云杯\Crypto","False"
"原理学习笔记\逆向工程核心原理.md","02-原理学习\专题\逆向工程核心原理.md","02-原理学习\专题","False"
"原理学习笔记\校内培训：密码学入门.md","02-原理学习\专题\校内培训：密码学入门.md","02-原理学习\专题","False"
"原理学习笔记\校内培训：misc入门.md","02-原理学习\专题\校内培训：misc入门.md","02-原理学习\专题","False"
"原理学习笔记\CTF夺旗-JAVA考点反编译&XXE&反序列化.md","02-原理学习\专题\CTF夺旗-JAVA考点反编译&XXE&反序列化.md","02-原理学习\专题","False"
"原理学习笔记\密码学\CTF Crypto 中涉及的 AES 题目.md","02-原理学习\密码学\CTF Crypto 中涉及的 AES 题目.md","02-原理学习\密码学","False"
"原理学习笔记\密码学\CTF中常见Web源码泄露总结.md","02-原理学习\密码学\CTF中常见Web源码泄露总结.md","02-原理学习\密码学","False"
"原理学习笔记\密码学\LCG加密.md","02-原理学习\密码学\LCG加密.md","02-原理学习\密码学","False"
"原理学习笔记\密码学\RSA加密算法.md","02-原理学习\密码学\RSA加密算法.md","02-原理学习\密码学","False"
"原理学习笔记\密码学\Crypto趣题-剪枝\首尾剪枝.md","02-原理学习\密码学\Crypto趣题-剪枝\首尾剪枝.md","02-原理学习\密码学\Crypto趣题-剪枝","False"
"原理学习笔记\密码学\Crypto趣题-剪枝\特殊剪枝.md","02-原理学习\密码学\Crypto趣题-剪枝\特殊剪枝.md","02-原理学习\密码学\Crypto趣题-剪枝","False"
"原理学习笔记\密码学\LCG加密\LCG题单\LCG—1(异或）.md","02-原理学习\密码学\LCG加密\LCG题单\LCG—1(异或）.md","02-原理学习\密码学\LCG加密\LCG题单","False"
"原理学习笔记\密码学\LCG加密\LCG题单\LCG—2(求初始seed）.md","02-原理学习\密码学\LCG加密\LCG题单\LCG—2(求初始seed）.md","02-原理学习\密码学\LCG加密\LCG题单","False"
"原理学习笔记\密码学\LCG加密\LCG题单\LCG—3(求b）.md","02-原理学习\密码学\LCG加密\LCG题单\LCG—3(求b）.md","02-原理学习\密码学\LCG加密\LCG题单","False"
"原理学习笔记\密码学\LCG加密\LCG题单\LCG—4（求a）.md","02-原理学习\密码学\LCG加密\LCG题单\LCG—4（求a）.md","02-原理学习\密码学\LCG加密\LCG题单","False"
"原理学习笔记\密码学\LCG加密\LCG题单\LCG—5.md","02-原理学习\密码学\LCG加密\LCG题单\LCG—5.md","02-原理学习\密码学\LCG加密\LCG题单","False"
"原理学习笔记\密码学\LCG加密\LCG题单\LCG—6（seed 80).md","02-原理学习\密码学\LCG加密\LCG题单\LCG—6（seed 80).md","02-原理学习\密码学\LCG加密\LCG题单","False"
"原理学习笔记\密码学\LCG加密\LCG题单\LCG—7（二元LCG）.md","02-原理学习\密码学\LCG加密\LCG题单\LCG—7（二元LCG）.md","02-原理学习\密码学\LCG加密\LCG题单","False"
"原理学习笔记\密码学\LCG加密\LCG题单\LCG—8(a,n,output(6),output(7)).md","02-原理学习\密码学\LCG加密\LCG题单\LCG—8(a,n,output(6),output(7)).md","02-原理学习\密码学\LCG加密\LCG题单","False"
"原理学习笔记\密码学\RSA加密算法\RSA基础篇.md","02-原理学习\密码学\RSA加密算法\RSA基础篇.md","02-原理学习\密码学\RSA加密算法","False"
"原理学习笔记\密码学\RSA加密算法\RSA加密算法基础之基础简介.md","02-原理学习\密码学\RSA加密算法\RSA加密算法基础之基础简介.md","02-原理学习\密码学\RSA加密算法","False"
"原理学习笔记\密码学\RSA加密算法\RSA加密算法与数论基础.md","02-原理学习\密码学\RSA加密算法\RSA加密算法与数论基础.md","02-原理学习\密码学\RSA加密算法","False"
"原理学习笔记\密码学\RSA加密算法\RSA综合脚本利用.md","02-原理学习\密码学\RSA加密算法\RSA综合脚本利用.md","02-原理学习\密码学\RSA加密算法","False"
"原理学习笔记\密码学\RSA加密算法\RSA基础篇\P00.python安装及pycharm配置.md","02-原理学习\密码学\RSA加密算法\RSA基础篇\P00.python安装及pycharm配置.md","02-原理学习\密码学\RSA加密算法\RSA基础篇","False"
"原理学习笔记\密码学\RSA加密算法\RSA基础篇\P01.RSA常用解密代码块（网上收集）.md","02-原理学习\密码学\RSA加密算法\RSA基础篇\P01.RSA常用解密代码块（网上收集）.md","02-原理学习\密码学\RSA加密算法\RSA基础篇","False"
"原理学习笔记\密码学\RSA加密算法\RSA基础篇\P02.gmpy2及相关库安装.md","02-原理学习\密码学\RSA加密算法\RSA基础篇\P02.gmpy2及相关库安装.md","02-原理学习\密码学\RSA加密算法\RSA基础篇","False"
"原理学习笔记\密码学\RSA加密算法\RSA基础篇\P03.RSA算法简介及原理.md","02-原理学习\密码学\RSA加密算法\RSA基础篇\P03.RSA算法简介及原理.md","02-原理学习\密码学\RSA加密算法\RSA基础篇","False"
"原理学习笔记\密码学\RSA加密算法\RSA基础篇\P04.RSA基础题目及脚本.md","02-原理学习\密码学\RSA加密算法\RSA基础篇\P04.RSA基础题目及脚本.md","02-原理学习\密码学\RSA加密算法\RSA基础篇","False"
"原理学习笔记\密码学\RSA加密算法\RSA基础篇\P05.基于N分解的题目.md","02-原理学习\密码学\RSA加密算法\RSA基础篇\P05.基于N分解的题目.md","02-原理学习\密码学\RSA加密算法\RSA基础篇","False"
"原理学习笔记\密码学\RSA加密算法\RSA基础篇\P06.RSA密钥生成与读取.md","02-原理学习\密码学\RSA加密算法\RSA基础篇\P06.RSA密钥生成与读取.md","02-原理学习\密码学\RSA加密算法\RSA基础篇","False"
"原理学习笔记\密码学\RSA加密算法\RSA基础篇\P07.已知e _d n 求p q.md","02-原理学习\密码学\RSA加密算法\RSA基础篇\P07.已知e _d n 求p q.md","02-原理学习\密码学\RSA加密算法\RSA基础篇","False"
"原理学习笔记\密码学\RSA加密算法\RSA基础篇\P08.wiener(维纳)攻击.md","02-原理学习\密码学\RSA加密算法\RSA基础篇\P08.wiener(维纳)攻击.md","02-原理学习\密码学\RSA加密算法\RSA基础篇","False"
"原理学习笔记\密码学\RSA加密算法\RSA基础篇\P09.低加密指数攻击.md","02-原理学习\密码学\RSA加密算法\RSA基础篇\P09.低加密指数攻击.md","02-原理学习\密码学\RSA加密算法\RSA基础篇","False"
"原理学习笔记\密码学\RSA加密算法\RSA基础篇\P10.低加密指数广播攻击.md","02-原理学习\密码学\RSA加密算法\RSA基础篇\P10.低加密指数广播攻击.md","02-原理学习\密码学\RSA加密算法\RSA基础篇","False"
"原理学习笔记\密码学\RSA加密算法\RSA基础篇\P12.dp泄露.md","02-原理学习\密码学\RSA加密算法\RSA基础篇\P12.dp泄露.md","02-原理学习\密码学\RSA加密算法\RSA基础篇","False"
"原理学习笔记\密码学\RSA加密算法\RSA基础篇\P13. dp,dq.md","02-原理学习\密码学\RSA加密算法\RSA基础篇\P13. dp,dq.md","02-原理学习\密码学\RSA加密算法\RSA基础篇","False"
"原理学习笔记\密码学\RSA加密算法\RSA基础篇\P14.n是p的r次方.md","02-原理学习\密码学\RSA加密算法\RSA基础篇\P14.n是p的r次方.md","02-原理学习\密码学\RSA加密算法\RSA基础篇","False"
"原理学习笔记\密码学\RSA加密算法\RSA基础篇\P15.共模攻击.md","02-原理学习\密码学\RSA加密算法\RSA基础篇\P15.共模攻击.md","02-原理学习\密码学\RSA加密算法\RSA基础篇","False"
"原理学习笔记\密码学\RSA加密算法\RSA基础篇\P16.N分解三个素数.md","02-原理学习\密码学\RSA加密算法\RSA基础篇\P16.N分解三个素数.md","02-原理学习\密码学\RSA加密算法\RSA基础篇","False"
"原理学习笔记\密码学\RSA加密算法\RSA基础篇\P17.e和phi_n不互素.md","02-原理学习\密码学\RSA加密算法\RSA基础篇\P17.e和phi_n不互素.md","02-原理学习\密码学\RSA加密算法\RSA基础篇","False"
"原理学习笔记\密码学\RSA加密算法\RSA基础篇\P19.Franklin-Reiter攻击脚本.md","02-原理学习\密码学\RSA加密算法\RSA基础篇\P19.Franklin-Reiter攻击脚本.md","02-原理学习\密码学\RSA加密算法\RSA基础篇","False"
"原理学习笔记\密码学\RSA加密算法\RSA基础篇\P20 P+1或p-1光滑.md","02-原理学习\密码学\RSA加密算法\RSA基础篇\P20 P+1或p-1光滑.md","02-原理学习\密码学\RSA加密算法\RSA基础篇","False"
"原理学习笔记\密码学\RSA加密算法\RSA基础篇\P21.dp泄露变种之e较大.md","02-原理学习\密码学\RSA加密算法\RSA基础篇\P21.dp泄露变种之e较大.md","02-原理学习\密码学\RSA加密算法\RSA基础篇","False"
"原理学习笔记\密码学\RSA加密算法\RSA基础篇\P22单素数rsa.md","02-原理学习\密码学\RSA加密算法\RSA基础篇\P22单素数rsa.md","02-原理学习\密码学\RSA加密算法\RSA基础篇","False"
"原理学习笔记\密码学\RSA加密算法\RSA基础篇\P23 反素数.md","02-原理学习\密码学\RSA加密算法\RSA基础篇\P23 反素数.md","02-原理学习\密码学\RSA加密算法\RSA基础篇","False"
"原理学习笔记\密码学\RSA加密算法\RSA基础篇\P24.平方差遍历法.md","02-原理学习\密码学\RSA加密算法\RSA基础篇\P24.平方差遍历法.md","02-原理学习\密码学\RSA加密算法\RSA基础篇","False"
"原理学习笔记\密码学\RSA加密算法\RSA基础篇\P99 零散知识点.md","02-原理学习\密码学\RSA加密算法\RSA基础篇\P99 零散知识点.md","02-原理学习\密码学\RSA加密算法\RSA基础篇","False"
"原理学习笔记\密码学\RSA加密算法\RSA基础篇\P05.基于N分解的题目\P11.共享素数-N不互素.md","02-原理学习\密码学\RSA加密算法\RSA基础篇\P05.基于N分解的题目\P11.共享素数-N不互素.md","02-原理学习\密码学\RSA加密算法\RSA基础篇\P05.基于N分解的题目","False"
"原理学习笔记\密码学\RSA加密算法\RSA综合脚本利用\共模攻击.md","02-原理学习\密码学\RSA加密算法\RSA综合脚本利用\共模攻击.md","02-原理学习\密码学\RSA加密算法\RSA综合脚本利用","False"
"原理学习笔记\密码学\RSA加密算法\RSA综合脚本利用\共模攻击+base64隐写.md","02-原理学习\密码学\RSA加密算法\RSA综合脚本利用\共模攻击+base64隐写.md","02-原理学习\密码学\RSA加密算法\RSA综合脚本利用","False"
"原理学习笔记\密码学\RSA加密算法\RSA综合脚本利用\维纳攻击（e极大）.md","02-原理学习\密码学\RSA加密算法\RSA综合脚本利用\维纳攻击（e极大）.md","02-原理学习\密码学\RSA加密算法\RSA综合脚本利用","False"
"原理学习笔记\密码学\RSA加密算法\RSA综合脚本利用\已知 c1、c2、n1、n2、e的范围 (同公钥（e，n）加密的密文、具有同 q 的公钥加密的密文).md","02-原理学习\密码学\RSA加密算法\RSA综合脚本利用\已知 c1、c2、n1、n2、e的范围 (同公钥（e，n）加密的密文、具有同 q 的公钥加密的密文).md","02-原理学习\密码学\RSA加密算法\RSA综合脚本利用","False"
"原理学习笔记\密码学\RSA加密算法\RSA综合脚本利用\已知 e、d、c ,求 m.md","02-原理学习\密码学\RSA加密算法\RSA综合脚本利用\已知 e、d、c ,求 m.md","02-原理学习\密码学\RSA加密算法\RSA综合脚本利用","False"
"原理学习笔记\密码学\RSA加密算法\RSA综合脚本利用\已知 e、d、p+q、(p+1)(q+1)、以及密文C，求明文m.md","02-原理学习\密码学\RSA加密算法\RSA综合脚本利用\已知 e、d、p+q、(p+1)(q+1)、以及密文C，求明文m.md","02-原理学习\密码学\RSA加密算法\RSA综合脚本利用","False"
"原理学习笔记\密码学\RSA加密算法\RSA综合脚本利用\已知 e、m1、m2、n、pq 接近 ,求原 m.md","02-原理学习\密码学\RSA加密算法\RSA综合脚本利用\已知 e、m1、m2、n、pq 接近 ,求原 m.md","02-原理学习\密码学\RSA加密算法\RSA综合脚本利用","False"
"原理学习笔记\密码学\RSA加密算法\RSA综合脚本利用\已知 e、n、密文 c，求明文 m.md","02-原理学习\密码学\RSA加密算法\RSA综合脚本利用\已知 e、n、密文 c，求明文 m.md","02-原理学习\密码学\RSA加密算法\RSA综合脚本利用","False"
"原理学习笔记\密码学\RSA加密算法\RSA综合脚本利用\已知 e、n、c,求导得 pq 解 m.md","02-原理学习\密码学\RSA加密算法\RSA综合脚本利用\已知 e、n、c,求导得 pq 解 m.md","02-原理学习\密码学\RSA加密算法\RSA综合脚本利用","False"
"原理学习笔记\密码学\RSA加密算法\RSA综合脚本利用\已知 e、n、c,由威尔逊定理得 pq 解 m.md","02-原理学习\密码学\RSA加密算法\RSA综合脚本利用\已知 e、n、c,由威尔逊定理得 pq 解 m.md","02-原理学习\密码学\RSA加密算法\RSA综合脚本利用","False"
"原理学习笔记\密码学\RSA加密算法\RSA综合脚本利用\已知 e、p、q，求 d.md","02-原理学习\密码学\RSA加密算法\RSA综合脚本利用\已知 e、p、q，求 d.md","02-原理学习\密码学\RSA加密算法\RSA综合脚本利用","False"
"原理学习笔记\密码学\RSA加密算法\RSA综合脚本利用\已知 n、e、c、p、q 批量求 m (n 分解) (Roll 按行加密).md","02-原理学习\密码学\RSA加密算法\RSA综合脚本利用\已知 n、e、c、p、q 批量求 m (n 分解) (Roll 按行加密).md","02-原理学习\密码学\RSA加密算法\RSA综合脚本利用","False"
"原理学习笔记\密码学\RSA加密算法\RSA综合脚本利用\已知 n、e、dp、c，求m (dp 泄露).md","02-原理学习\密码学\RSA加密算法\RSA综合脚本利用\已知 n、e、dp、c，求m (dp 泄露).md","02-原理学习\密码学\RSA加密算法\RSA综合脚本利用","False"
"原理学习笔记\密码学\RSA加密算法\RSA综合脚本利用\已知 p、n、c、e的范围,求 m.md","02-原理学习\密码学\RSA加密算法\RSA综合脚本利用\已知 p、n、c、e的范围,求 m.md","02-原理学习\密码学\RSA加密算法\RSA综合脚本利用","False"
"原理学习笔记\密码学\RSA加密算法\RSA综合脚本利用\已知 p、q、dp、dq、c 求明文 m (dp、dq 泄露).md","02-原理学习\密码学\RSA加密算法\RSA综合脚本利用\已知 p、q、dp、dq、c 求明文 m (dp、dq 泄露).md","02-原理学习\密码学\RSA加密算法\RSA综合脚本利用","False"
"原理学习笔记\密码学\RSA加密算法\RSA综合脚本利用\已知 public key、密文 c，求明文 m (公钥提取).md","02-原理学习\密码学\RSA加密算法\RSA综合脚本利用\已知 public key、密文 c，求明文 m (公钥提取).md","02-原理学习\密码学\RSA加密算法\RSA综合脚本利用","False"
"原理学习笔记\密码学\RSA加密算法\RSA综合脚本利用\已知多个 n、c (中国剩余定理).md","02-原理学习\密码学\RSA加密算法\RSA综合脚本利用\已知多个 n、c (中国剩余定理).md","02-原理学习\密码学\RSA加密算法\RSA综合脚本利用","False"
"原理学习笔记\密码学\RSA加密算法\RSA综合脚本利用\已知e、p、q、密文c，求明文m.md","02-原理学习\密码学\RSA加密算法\RSA综合脚本利用\已知e、p、q、密文c，求明文m.md","02-原理学习\密码学\RSA加密算法\RSA综合脚本利用","False"
"原理学习笔记\密码学\RSA加密算法\RSA综合脚本利用\e=3 (小公钥指数攻击) (小明文攻击) (tereotyped messages攻击).md","02-原理学习\密码学\RSA加密算法\RSA综合脚本利用\e=3 (小公钥指数攻击) (小明文攻击) (tereotyped messages攻击).md","02-原理学习\密码学\RSA加密算法\RSA综合脚本利用","False"
"原理学习笔记\密码学\一些工具\安装ciphey的一些碎碎念.md","02-原理学习\密码学\一些工具\安装ciphey的一些碎碎念.md","02-原理学习\密码学\一些工具","False"
"原理学习笔记\密码学\一些工具\大整数进行分解.md","02-原理学习\密码学\一些工具\大整数进行分解.md","02-原理学习\密码学\一些工具","False"
"原理学习笔记\密码学\一些工具\basecrack.md","02-原理学习\密码学\一些工具\basecrack.md","02-原理学习\密码学\一些工具","False"
"原理学习笔记\密码学\一些工具\Python Uncompyle6 反编译工具使用 与 Magic Number 详解.md","02-原理学习\密码学\一些工具\Python Uncompyle6 反编译工具使用 与 Magic Number 详解.md","02-原理学习\密码学\一些工具","False"
"原理学习笔记\密码学\一些工具\yafu使用笔记.md","02-原理学习\密码学\一些工具\yafu使用笔记.md","02-原理学习\密码学\一些工具","False"
"原理学习笔记\密码学\古典加密\凯撒密码.md","02-原理学习\密码学\古典加密\凯撒密码.md","02-原理学习\密码学\古典加密","False"
"原理学习笔记\密码学\古典加密\希尔加密.md","02-原理学习\密码学\古典加密\希尔加密.md","02-原理学习\密码学\古典加密","False"
"原理学习笔记\密码学\古典加密\Base64加密.md","02-原理学习\密码学\古典加密\Base64加密.md","02-原理学习\密码学\古典加密","False"
"原理学习笔记\逆向\pyc反编译.md","02-原理学习\逆向\pyc反编译.md","02-原理学习\逆向","False"
"原理学习笔记\逆向\Tea加密.md","02-原理学习\逆向\Tea加密.md","02-原理学习\逆向","False"
"原理学习笔记\逆向\二进制逆向\RC4加密解密算法.md","02-原理学习\逆向\二进制逆向\RC4加密解密算法.md","02-原理学习\逆向\二进制逆向","False"
